55a1a3985e0d51bd787b1473	FreeCodeCamp/Harrisburg	2016-09-17T11:03:21.759Z	540a150e163965c9bc202eaf	abhisekp	57dd22f9aabc89857fad1fc8	"-----

-----

-----
## This room will be closed and archived.
** @/all Please move discussion of this topic to our forum, or to one of the official Free Code Camp chat rooms: http://forum.freecodecamp.com/t/free-code-camp-official-chat-rooms/19390**

-----

-----

-----"
55a1a3985e0d51bd787b1473	FreeCodeCamp/Harrisburg	2016-08-21T07:40:29.705Z	559c923e15522ed4b3e39d33	ladybugtju	57b95aed5ffbca3e3cfca500	ok
55a1a3985e0d51bd787b1473	FreeCodeCamp/Harrisburg	2016-08-21T07:40:26.318Z	559c923e15522ed4b3e39d33	ladybugtju	57b95aeacd00bdff6e6834ac	lalala
55a1a3985e0d51bd787b1473	FreeCodeCamp/Harrisburg	2016-08-21T07:40:22.952Z	559c923e15522ed4b3e39d33	ladybugtju	57b95ae65ffbca3e3cfca4e4	blablabla
55a1a3985e0d51bd787b1473	FreeCodeCamp/Harrisburg	2016-08-21T07:40:15.291Z	559c923e15522ed4b3e39d33	ladybugtju	57b95adfbb6fad403cf144cd	API_test
