5593957f15522ed4b3e325b5	FreeCodeCamp/Hartford	2016-09-17T11:02:09.407Z	540a150e163965c9bc202eaf	abhisekp	57dd22b1c3e7045a30584e6a	"-----

-----

-----
## This room will be closed and archived.
** @/all Please move discussion of this topic to our forum, or to one of the official Free Code Camp chat rooms: http://forum.freecodecamp.com/t/free-code-camp-official-chat-rooms/19390**

-----

-----

-----"
5593957f15522ed4b3e325b5	FreeCodeCamp/Hartford	2015-08-29T23:41:40.820Z	55e242310fc9f982beaf095e	krf123	55e243346d5732de5b77114b	hello
