559396c815522ed4b3e325fb	FreeCodeCamp/Lehi	2016-09-17T11:02:09.297Z	540a150e163965c9bc202eaf	abhisekp	57dd22b1aabc89857fad1eaa	"-----

-----

-----
## This room will be closed and archived.
** @/all Please move discussion of this topic to our forum, or to one of the official Free Code Camp chat rooms: http://forum.freecodecamp.com/t/free-code-camp-official-chat-rooms/19390**

-----

-----

-----"
559396c815522ed4b3e325fb	FreeCodeCamp/Lehi	2016-01-10T06:08:25.207Z	55948a1b15522ed4b3e3345c	hackai	5691f5598fdd3c0c382dbed3	@douglas-b-clark yes
559396c815522ed4b3e325fb	FreeCodeCamp/Lehi	2016-01-05T20:46:12.046Z	5591ae1d15522ed4b3e30ca4	douglas-b-clark	568c2b94168fd89b246d54c6	Anyone here in the Lehi, Utah FreeCodeCamp Gitter message board?
559396c815522ed4b3e325fb	FreeCodeCamp/Lehi	2015-07-07T05:53:43.719Z	55948a1b15522ed4b3e3345c	hackai	559b6967e9c8fd6779dc5018	hello world
